{
  "losses": [
    1.385141020515475,
    1.0524568056223815,
    0.9928929001564789,
    0.8667817254941385,
    0.6916109142877862
  ],
  "metrics": {
    "both": {
      "optimistic": {
        "adjusted_arithmetic_mean_rank": 0.6681416252756988,
        "adjusted_arithmetic_mean_rank_index": 0.33185852156656137,
        "adjusted_geometric_mean_rank_index": 0.5983459764070087,
        "adjusted_hits_at_k": 0.0028107206967446924,
        "adjusted_inverse_harmonic_mean_rank": 0.0013168465802237174,
        "arithmetic_mean_rank": 1509977.3856741008,
        "count": 9954.0,
        "geometric_mean_rank": 666221.2658259617,
        "harmonic_mean_rank": 757.3588736386744,
        "hits_at_1": 0.0006027727546714888,
        "hits_at_10": 0.0028129395218002813,
        "hits_at_3": 0.0014064697609001407,
        "hits_at_5": 0.001707856138235885,
        "inverse_arithmetic_mean_rank": 6.622615739066641e-07,
        "inverse_geometric_mean_rank": 1.5010028218781475e-06,
        "inverse_harmonic_mean_rank": 0.001320378006790327,
        "inverse_median_rank": 8.666112035496394e-07,
        "median_absolute_deviation": 1372916.3411761206,
        "median_rank": 1153920.0,
        "standard_deviation": 1316537.1158694187,
        "variance": 1733269977461.7673,
        "z_arithmetic_mean_rank": 57.23256931878828,
        "z_geometric_mean_rank": 59.70222391987174,
        "z_hits_at_k": 187.99370204079867,
        "z_inverse_harmonic_mean_rank": 217.16657622293164
      },
      "pessimistic": {
        "adjusted_arithmetic_mean_rank": 0.6681416545701836,
        "adjusted_arithmetic_mean_rank_index": 0.33185849227206365,
        "adjusted_geometric_mean_rank_index": 0.5983459161702052,
        "adjusted_hits_at_k": 0.0028107206967446924,
        "adjusted_inverse_harmonic_mean_rank": 0.0013168465764403794,
        "arithmetic_mean_rank": 1509977.4518786417,
        "count": 9954.0,
        "geometric_mean_rank": 666221.3657402582,
        "harmonic_mean_rank": 757.3588758087608,
        "hits_at_1": 0.0006027727546714888,
        "hits_at_10": 0.0028129395218002813,
        "hits_at_3": 0.0014064697609001407,
        "hits_at_5": 0.001707856138235885,
        "inverse_arithmetic_mean_rank": 6.622615448699898e-07,
        "inverse_geometric_mean_rank": 1.501002596770325e-06,
        "inverse_harmonic_mean_rank": 0.0013203780030070025,
        "inverse_median_rank": 8.666112035496394e-07,
        "median_absolute_deviation": 1372916.3411761206,
        "median_rank": 1153920.0,
        "standard_deviation": 1316537.1226800906,
        "variance": 1733269995394.772,
        "z_arithmetic_mean_rank": 57.23256426663724,
        "z_geometric_mean_rank": 59.70221790951775,
        "z_hits_at_k": 187.99370204079867,
        "z_inverse_harmonic_mean_rank": 217.16657559900585
      },
      "realistic": {
        "adjusted_arithmetic_mean_rank": 0.6681416205525743,
        "adjusted_arithmetic_mean_rank_index": 0.3318585262896879,
        "adjusted_geometric_mean_rank_index": 0.5983459859482393,
        "adjusted_hits_at_k": 0.0028107206967446924,
        "adjusted_inverse_harmonic_mean_rank": 0.0013168467298127844,
        "arithmetic_mean_rank": 1509977.375,
        "count": 9954.0,
        "geometric_mean_rank": 666221.25,
        "harmonic_mean_rank": 757.358787835826,
        "hits_at_1": 0.0006027727546714888,
        "hits_at_10": 0.0028129395218002813,
        "hits_at_3": 0.0014064697609001407,
        "hits_at_5": 0.001707856138235885,
        "inverse_arithmetic_mean_rank": 6.622615842388768e-07,
        "inverse_geometric_mean_rank": 1.5010028846518253e-06,
        "inverse_harmonic_mean_rank": 0.0013203781563788652,
        "inverse_median_rank": 8.666112307764706e-07,
        "median_absolute_deviation": 1372916.3411761206,
        "median_rank": 1153920.0,
        "standard_deviation": 1316537.125,
        "variance": 1733269913600.0,
        "z_arithmetic_mean_rank": 57.23257013334222,
        "z_geometric_mean_rank": 59.70222487188397,
        "z_hits_at_k": 187.99370204079867,
        "z_inverse_harmonic_mean_rank": 217.1666008922789
      }
    },
    "head": {
      "optimistic": {
        "adjusted_arithmetic_mean_rank": 0.6841992602565544,
        "adjusted_arithmetic_mean_rank_index": 0.3158008818131972,
        "adjusted_geometric_mean_rank_index": 0.4495149395025587,
        "adjusted_hits_at_k": -2.2734808928481392e-06,
        "adjusted_inverse_harmonic_mean_rank": 2.7156933881232444e-06,
        "arithmetic_mean_rank": 1520877.7896323085,
        "count": 4977.0,
        "geometric_mean_rank": 896120.62704355,
        "harmonic_mean_rank": 158149.94454145408,
        "hits_at_1": 0.0,
        "hits_at_10": 0.0,
        "hits_at_3": 0.0,
        "hits_at_5": 0.0,
        "inverse_arithmetic_mean_rank": 6.575150263991709e-07,
        "inverse_geometric_mean_rank": 1.1159211938901186e-06,
        "inverse_harmonic_mean_rank": 6.323113187927051e-06,
        "inverse_median_rank": 8.280702567928674e-07,
        "median_absolute_deviation": 1263885.7740272186,
        "median_rank": 1207627.0,
        "standard_deviation": 1229219.3882691576,
        "variance": 1510980304496.802,
        "z_arithmetic_mean_rank": 38.44013465943392,
        "z_geometric_mean_rank": 31.71754674185324,
        "z_hits_at_k": -0.10637252831233107,
        "z_inverse_harmonic_mean_rank": 0.31329341177859266
      },
      "pessimistic": {
        "adjusted_arithmetic_mean_rank": 0.6841992965933559,
        "adjusted_arithmetic_mean_rank_index": 0.31580084547637943,
        "adjusted_geometric_mean_rank_index": 0.4495148418623136,
        "adjusted_hits_at_k": -2.2734808928481392e-06,
        "adjusted_inverse_harmonic_mean_rank": 2.7156883156508662e-06,
        "arithmetic_mean_rank": 1520877.8704038577,
        "count": 4977.0,
        "geometric_mean_rank": 896120.785989444,
        "harmonic_mean_rank": 158150.07141075897,
        "hits_at_1": 0.0,
        "hits_at_10": 0.0,
        "hits_at_3": 0.0,
        "hits_at_5": 0.0,
        "inverse_arithmetic_mean_rank": 6.575149914795312e-07,
        "inverse_geometric_mean_rank": 1.1159209959579932e-06,
        "inverse_harmonic_mean_rank": 6.323108115472971e-06,
        "inverse_median_rank": 8.280702567928674e-07,
        "median_absolute_deviation": 1263885.7740272186,
        "median_rank": 1207627.0,
        "standard_deviation": 1229219.3949348675,
        "variance": 1510980320884.0415,
        "z_arithmetic_mean_rank": 38.440130236418526,
        "z_geometric_mean_rank": 31.717539852406937,
        "z_hits_at_k": -0.10637252831233107,
        "z_inverse_harmonic_mean_rank": 0.3132928265975908
      },
      "realistic": {
        "adjusted_arithmetic_mean_rank": 0.6841992986610284,
        "adjusted_arithmetic_mean_rank_index": 0.31580084340870596,
        "adjusted_geometric_mean_rank_index": 0.4495142496719483,
        "adjusted_hits_at_k": -2.2734808928481392e-06,
        "adjusted_inverse_harmonic_mean_rank": 2.715690683394875e-06,
        "arithmetic_mean_rank": 1520877.875,
        "count": 4977.0,
        "geometric_mean_rank": 896121.75,
        "harmonic_mean_rank": 158150.01219029553,
        "hits_at_1": 0.0,
        "hits_at_10": 0.0,
        "hits_at_3": 0.0,
        "hits_at_5": 0.0,
        "inverse_arithmetic_mean_rank": 6.575149882337428e-07,
        "inverse_geometric_mean_rank": 1.115919758376549e-06,
        "inverse_harmonic_mean_rank": 6.323110483208438e-06,
        "inverse_median_rank": 8.280702559204656e-07,
        "median_absolute_deviation": 1263885.7740272186,
        "median_rank": 1207627.0,
        "standard_deviation": 1229219.375,
        "variance": 1510980190208.0,
        "z_arithmetic_mean_rank": 38.440129984735734,
        "z_geometric_mean_rank": 31.717498067754327,
        "z_hits_at_k": -0.10637252831233107,
        "z_inverse_harmonic_mean_rank": 0.31329309975015
      }
    },