{
  "losses": [
    0.5725371704553825,
    0.33561497832429,
    0.2304259467674538,
    0.17886211502352178,
    0.14915246288118914
  ],
  "metrics": {
    "both": {
      "optimistic": {
        "adjusted_arithmetic_mean_rank": 0.1555148257994673,
        "adjusted_arithmetic_mean_rank_index": 0.8444855478723188,
        "adjusted_geometric_mean_rank_index": 0.9909595517322254,
        "adjusted_hits_at_k": 0.03646560771735627,
        "adjusted_inverse_harmonic_mean_rank": 0.018621979442602205,
        "arithmetic_mean_rank": 351458.2256379345,
        "count": 9954.0,
        "geometric_mean_rank": 14996.318095570261,
        "harmonic_mean_rank": 53.689978891977,
        "hits_at_1": 0.007836045810729355,
        "hits_at_10": 0.03646775165762507,
        "hits_at_3": 0.018083182640144666,
        "hits_at_5": 0.02571830419931686,
        "inverse_arithmetic_mean_rank": 2.8452883644560953e-06,
        "inverse_geometric_mean_rank": 6.668303470405769e-05,
        "inverse_harmonic_mean_rank": 0.0186254496767819,
        "inverse_median_rank": 3.542770091934884e-05,
        "median_absolute_deviation": 41816.05427184125,
        "median_rank": 28226.5,
        "standard_deviation": 680922.3421968134,
        "variance": 463655236102.79425,
        "z_arithmetic_mean_rank": 145.64061042989772,
        "z_geometric_mean_rank": 98.87672247470644,
        "z_hits_at_k": 2438.9846347568323,
        "z_inverse_harmonic_mean_rank": 3071.0270875721126
      },
      "pessimistic": {
        "adjusted_arithmetic_mean_rank": 0.15551496449262744,
        "adjusted_arithmetic_mean_rank_index": 0.8444854091790972,
        "adjusted_geometric_mean_rank_index": 0.9909595375466156,
        "adjusted_hits_at_k": 0.03646560771735627,
        "adjusted_inverse_harmonic_mean_rank": 0.01862197908671337,
        "arithmetic_mean_rank": 351458.53907976695,
        "count": 9954.0,
        "geometric_mean_rank": 14996.341625125993,
        "harmonic_mean_rank": 53.68997991786347,
        "hits_at_1": 0.007836045810729355,
        "hits_at_10": 0.03646775165762507,
        "hits_at_3": 0.018083182640144666,
        "hits_at_5": 0.02571830419931686,
        "inverse_arithmetic_mean_rank": 2.845285826938011e-06,
        "inverse_geometric_mean_rank": 6.668293007706128e-05,
        "inverse_harmonic_mean_rank": 0.018625449320894324,
        "inverse_median_rank": 3.542770091934884e-05,
        "median_absolute_deviation": 41816.05427184125,
        "median_rank": 28226.5,
        "standard_deviation": 680922.7632857674,
        "variance": 463655809560.7252,
        "z_arithmetic_mean_rank": 145.6405865107608,
        "z_geometric_mean_rank": 98.87672105928378,
        "z_hits_at_k": 2438.9846347568323,
        "z_inverse_harmonic_mean_rank": 3071.0270288810234
      },
      "realistic": {
        "adjusted_arithmetic_mean_rank": 0.15551490571751117,
        "adjusted_arithmetic_mean_rank_index": 0.8444854679542395,
        "adjusted_geometric_mean_rank_index": 0.9909595474518993,
        "adjusted_hits_at_k": 0.03646560771735627,
        "adjusted_inverse_harmonic_mean_rank": 0.018621979155038573,
        "arithmetic_mean_rank": 351458.40625,
        "count": 9954.0,
        "geometric_mean_rank": 14996.3251953125,
        "harmonic_mean_rank": 53.68997972090899,
        "hits_at_1": 0.007836045810729355,
        "hits_at_10": 0.03646775165762507,
        "hits_at_3": 0.018083182640144666,
        "hits_at_5": 0.02571830419931686,
        "inverse_arithmetic_mean_rank": 2.845286871888675e-06,
        "inverse_geometric_mean_rank": 6.668300193268806e-05,
        "inverse_harmonic_mean_rank": 0.018625449389219284,
        "inverse_median_rank": 3.542769991327077e-05,
        "median_absolute_deviation": 41816.05427184125,
        "median_rank": 28226.5,
        "standard_deviation": 680922.5625,
        "variance": 463655501824.0,
        "z_arithmetic_mean_rank": 145.6405966471659,
        "z_geometric_mean_rank": 98.87672204762077,
        "z_hits_at_k": 2438.9846347568323,
        "z_inverse_harmonic_mean_rank": 3071.027040148813
      }
    },
    "head": {
      "optimistic": {
        "adjusted_arithmetic_mean_rank": 0.27660538701092596,
        "adjusted_arithmetic_mean_rank_index": 0.7233949384236916,
        "adjusted_geometric_mean_rank_index": 0.8906478645952716,
        "adjusted_hits_at_k": 0.0020069736026532494,
        "adjusted_inverse_harmonic_mean_rank": 0.0011128152847412088,
        "arithmetic_mean_rank": 614854.4934699618,
        "count": 4977.0,
        "geometric_mean_rank": 178012.3609382076,
        "harmonic_mean_rank": 895.7212917145861,
        "hits_at_1": 0.0004018485031143259,
        "hits_at_10": 0.0020092425155716293,
        "hits_at_3": 0.0008036970062286518,
        "hits_at_5": 0.0008036970062286518,
        "inverse_arithmetic_mean_rank": 1.6264010601214777e-06,
        "inverse_geometric_mean_rank": 5.617587423308903e-06,
        "inverse_harmonic_mean_rank": 0.0011164186999348916,
        "inverse_median_rank": 3.4241415677089756e-06,
        "median_absolute_deviation": 402624.3540706923,
        "median_rank": 292044.0,
        "standard_deviation": 796107.0530645221,
        "variance": 633786439939.0778,
        "z_arithmetic_mean_rank": 88.05358200807142,
        "z_geometric_mean_rank": 62.84366278703291,
        "z_hits_at_k": 93.90307921298816,
        "z_inverse_harmonic_mean_rank": 128.37888797044027
      },
      "pessimistic": {
        "adjusted_arithmetic_mean_rank": 0.27660561976531295,
        "adjusted_arithmetic_mean_rank_index": 0.7233947056691999,
        "adjusted_geometric_mean_rank_index": 0.8906477001768293,
        "adjusted_hits_at_k": 0.0020069736026532494,
        "adjusted_inverse_harmonic_mean_rank": 0.001112815206196957,
        "arithmetic_mean_rank": 614855.0108499096,
        "count": 4977.0,
        "geometric_mean_rank": 178012.62859050886,
        "harmonic_mean_rank": 895.721354731723,
        "hits_at_1": 0.0004018485031143259,
        "hits_at_10": 0.0020092425155716293,
        "hits_at_3": 0.0008036970062286518,
        "hits_at_5": 0.0008036970062286518,
        "inverse_arithmetic_mean_rank": 1.6263996915593275e-06,
        "inverse_geometric_mean_rank": 5.617578976940725e-06,
        "inverse_harmonic_mean_rank": 0.001116418621390923,
        "inverse_median_rank": 3.4241415677089756e-06,
        "median_absolute_deviation": 402624.3540706923,
        "median_rank": 292044.0,
        "standard_deviation": 796107.4863210486,
        "variance": 633787129776.4186,
        "z_arithmetic_mean_rank": 88.05355367656725,
        "z_geometric_mean_rank": 62.843651185750794,
        "z_hits_at_k": 93.90307921298816,
        "z_inverse_harmonic_mean_rank": 128.37887890925657
      },
      "realistic": {
        "adjusted_arithmetic_mean_rank": 0.2766055024164264,
        "adjusted_arithmetic_mean_rank_index": 0.7233948230181393,
        "adjusted_geometric_mean_rank_index": 0.8906477599729706,
        "adjusted_hits_at_k": 0.0020069736026532494,
        "adjusted_inverse_harmonic_mean_rank": 0.0011128152137594583,
        "arithmetic_mean_rank": 614854.75,
        "count": 4977.0,
        "geometric_mean_rank": 178012.53125,
        "harmonic_mean_rank": 895.7213486642232,
        "hits_at_1": 0.0004018485031143259,
        "hits_at_10": 0.0020092425155716293,
        "hits_at_3": 0.0008036970062286518,
        "hits_at_5": 0.0008036970062286518,
        "inverse_arithmetic_mean_rank": 1.6264003761534696e-06,
        "inverse_geometric_mean_rank": 5.617582246486563e-06,
        "inverse_harmonic_mean_rank": 0.0011164186289533973,
        "inverse_median_rank": 3.4241415960423183e-06,
        "median_absolute_deviation": 402624.3540706923,
        "median_rank": 292044.0,
        "standard_deviation": 796107.25,
        "variance": 633786793984.0,
        "z_arithmetic_mean_rank": 88.05356796059648,
        "z_geometric_mean_rank": 62.84365540493628,
        "z_hits_at_k": 93.90307921298816,