{
  "losses": [
    1.0963994692209085,
    0.9439723631277916,
    0.7886230122661857,
    0.5981906626099424,
    0.44514012732127556
  ],
  "metrics": {
    "both": {
      "optimistic": {
        "adjusted_arithmetic_mean_rank": 0.5301570317389858,
        "adjusted_arithmetic_mean_rank_index": 0.4698431761593487,
        "adjusted_geometric_mean_rank_index": 0.8424257918437057,
        "adjusted_hits_at_k": 0.024108738751579484,
        "adjusted_inverse_harmonic_mean_rank": 0.014004301375214594,
        "arithmetic_mean_rank": 1198136.889692586,
        "count": 9954.0,
        "geometric_mean_rank": 261368.0589083416,
        "harmonic_mean_rank": 71.38885914279591,
        "hits_at_1": 0.008639742816958007,
        "hits_at_10": 0.024110910186859555,
        "hits_at_3": 0.01567209162145871,
        "hits_at_5": 0.01969057665260197,
        "inverse_arithmetic_mean_rank": 8.346291718441094e-07,
        "inverse_geometric_mean_rank": 3.826022216244438e-06,
        "inverse_harmonic_mean_rank": 0.014007787937887413,
        "inverse_median_rank": 1.3913053156906544e-06,
        "median_absolute_deviation": 1011775.9384803242,
        "median_rank": 718749.5,
        "standard_deviation": 1270937.9393941916,
        "variance": 1615283245791.554,
        "z_arithmetic_mean_rank": 81.02950625333314,
        "z_geometric_mean_rank": 84.0562070167855,
        "z_hits_at_k": 1612.5013967745276,
        "z_inverse_harmonic_mean_rank": 2309.506838323391
      },
      "pessimistic": {
        "adjusted_arithmetic_mean_rank": 0.5301570590330884,
        "adjusted_arithmetic_mean_rank_index": 0.46984314886523393,
        "adjusted_geometric_mean_rank_index": 0.8424257537647012,
        "adjusted_hits_at_k": 0.024108738751579484,
        "adjusted_inverse_harmonic_mean_rank": 0.014004301325028093,
        "arithmetic_mean_rank": 1198136.951376331,
        "count": 9954.0,
        "geometric_mean_rank": 261368.12206967696,
        "harmonic_mean_rank": 71.38885939856394,
        "hits_at_1": 0.008639742816958007,
        "hits_at_10": 0.024110910186859555,
        "hits_at_3": 0.01567209162145871,
        "hits_at_5": 0.01969057665260197,
        "inverse_arithmetic_mean_rank": 8.346291288748535e-07,
        "inverse_geometric_mean_rank": 3.826021291660865e-06,
        "inverse_harmonic_mean_rank": 0.014007787887701089,
        "inverse_median_rank": 1.3913053156906544e-06,
        "median_absolute_deviation": 1011775.9384803242,
        "median_rank": 718749.5,
        "standard_deviation": 1270937.9493419905,
        "variance": 1615283271077.6238,
        "z_arithmetic_mean_rank": 81.02950154616967,
        "z_geometric_mean_rank": 84.05620321730939,
        "z_hits_at_k": 1612.5013967745276,
        "z_inverse_harmonic_mean_rank": 2309.5068300469293
      },
      "realistic": {
        "adjusted_arithmetic_mean_rank": 0.5301570805483093,
        "adjusted_arithmetic_mean_rank_index": 0.46984312735000344,
        "adjusted_geometric_mean_rank_index": 0.8424257331579065,
        "adjusted_hits_at_k": 0.024108738751579484,
        "adjusted_inverse_harmonic_mean_rank": 0.014004302520156414,
        "arithmetic_mean_rank": 1198137.0,
        "count": 9954.0,
        "geometric_mean_rank": 261368.15625,
        "harmonic_mean_rank": 71.38885330777077,
        "hits_at_1": 0.008639742816958007,
        "hits_at_10": 0.024110910186859555,
        "hits_at_3": 0.01567209162145871,
        "hits_at_5": 0.01969057665260197,
        "inverse_arithmetic_mean_rank": 8.34629076962301e-07,
        "inverse_geometric_mean_rank": 3.826020929409424e-06,
        "inverse_harmonic_mean_rank": 0.014007789082825184,
        "inverse_median_rank": 1.3913053180658608e-06,
        "median_absolute_deviation": 1011775.9384803242,
        "median_rank": 718749.5,
        "standard_deviation": 1270937.875,
        "variance": 1615283224576.0,
        "z_arithmetic_mean_rank": 81.02949783563687,
        "z_geometric_mean_rank": 84.05620116118881,
        "z_hits_at_k": 1612.5013967745276,
        "z_inverse_harmonic_mean_rank": 2309.5070271404475
      }
    },
    "head": {
      "optimistic": {
        "adjusted_arithmetic_mean_rank": 0.5712937427327685,
        "adjusted_arithmetic_mean_rank_index": 0.42870645012995734,
        "adjusted_geometric_mean_rank_index": 0.5839975018335211,
        "adjusted_hits_at_k": 0.00019865122746176163,
        "adjusted_inverse_harmonic_mean_rank": 7.752707236402461e-05,
        "arithmetic_mean_rank": 1269904.8583484027,
        "count": 4977.0,
        "geometric_mean_rank": 677200.1290177129,
        "harmonic_mean_rank": 12325.255259883901,
        "hits_at_1": 0.0,
        "hits_at_10": 0.00020092425155716296,
        "hits_at_3": 0.00020092425155716296,
        "hits_at_5": 0.00020092425155716296,
        "inverse_arithmetic_mean_rank": 7.874605671645101e-07,
        "inverse_geometric_mean_rank": 1.476668354228627e-06,
        "inverse_harmonic_mean_rank": 8.113422228704573e-05,
        "inverse_median_rank": 1.1095663481841393e-06,
        "median_absolute_deviation": 1007712.8671005096,
        "median_rank": 901253.0,
        "standard_deviation": 1144435.3970243759,
        "variance": 1309732377962.3406,
        "z_arithmetic_mean_rank": 52.18330480188921,
        "z_geometric_mean_rank": 41.206568311229155,
        "z_hits_at_k": 9.29457264581772,
        "z_inverse_harmonic_mean_rank": 8.943837736747042
      },
      "pessimistic": {
        "adjusted_arithmetic_mean_rank": 0.5712937744596771,
        "adjusted_arithmetic_mean_rank_index": 0.4287064184030345,
        "adjusted_geometric_mean_rank_index": 0.5839974160354449,
        "adjusted_hits_at_k": 0.00019865122746176163,
        "adjusted_inverse_harmonic_mean_rank": 7.752706683284567e-05,
        "arithmetic_mean_rank": 1269904.9288728149,
        "count": 4977.0,
        "geometric_mean_rank": 677200.2686860629,
        "harmonic_mean_rank": 12325.256100132925,
        "hits_at_1": 0.0,
        "hits_at_10": 0.00020092425155716296,
        "hits_at_3": 0.00020092425155716296,
        "hits_at_5": 0.00020092425155716296,
        "inverse_arithmetic_mean_rank": 7.874605234327374e-07,
        "inverse_geometric_mean_rank": 1.4766680496749491e-06,
        "inverse_harmonic_mean_rank": 8.113421675588674e-05,
        "inverse_median_rank": 1.1095663481841393e-06,
        "median_absolute_deviation": 1007714.3497027281,
        "median_rank": 901253.0,
        "standard_deviation": 1144435.3983891672,
        "variance": 1309732381086.1719,
        "z_arithmetic_mean_rank": 52.183300940002624,
        "z_geometric_mean_rank": 41.2065622573603,
        "z_hits_at_k": 9.29457264581772,
        "z_inverse_harmonic_mean_rank": 8.94383709864779
      },
      "realistic": {
        "adjusted_arithmetic_mean_rank": 0.5712937502238441,
        "adjusted_arithmetic_mean_rank_index": 0.42870644263887836,
        "adjusted_geometric_mean_rank_index": 0.5839975043015966,
        "adjusted_hits_at_k": 0.00019865122746176163,
        "adjusted_inverse_harmonic_mean_rank": 7.752706798463769e-05,
        "arithmetic_mean_rank": 1269904.875,
        "count": 4977.0,
        "geometric_mean_rank": 677200.125,
        "harmonic_mean_rank": 12325.255925162599,
        "hits_at_1": 0.0,
        "hits_at_10": 0.00020092425155716296,
        "hits_at_3": 0.00020092425155716296,
        "hits_at_5": 0.00020092425155716296,
        "inverse_arithmetic_mean_rank": 7.874605785218591e-07,
        "inverse_geometric_mean_rank": 1.4766683307243511e-06,
        "inverse_harmonic_mean_rank": 8.113421790767461e-05,
        "inverse_median_rank": 1.1095663694504765e-06,
        "median_absolute_deviation": 1007713.6084016189,
        "median_rank": 901253.0,
        "standard_deviation": 1144435.5,
        "variance": 1309732503552.0,
        "z_arithmetic_mean_rank": 52.18330389005487,
        "z_geometric_mean_rank": 41.206568485375314,
        "z_hits_at_k": 9.29457264581772,