{
  "losses": [
    1.0006061049767512,
    1.0001385689396105,
    0.999251225121974,
    0.9950126368271864,
    0.9859190532332879
  ],
  "metrics": {
    "both": {
      "optimistic": {
        "adjusted_arithmetic_mean_rank": 0.9298763976160951,
        "adjusted_arithmetic_mean_rank_index": 0.07012363341252759,
        "adjusted_geometric_mean_rank_index": 0.2879906552687732,
        "adjusted_hits_at_k": 0.003112107744690468,
        "adjusted_inverse_harmonic_mean_rank": 0.001694374949330436,
        "arithmetic_mean_rank": 2101489.0836849506,
        "count": 9954.0,
        "geometric_mean_rank": 1181005.1156168913,
        "harmonic_mean_rank": 588.9610878680157,
        "hits_at_1": 0.0007032348804500703,
        "hits_at_10": 0.003114325899136026,
        "hits_at_3": 0.002310628892907374,
        "hits_at_5": 0.0024110910186859553,
        "inverse_arithmetic_mean_rank": 4.7585305475225454e-07,
        "inverse_geometric_mean_rank": 8.467363830830281e-07,
        "inverse_harmonic_mean_rank": 0.0016979050409253807,
        "inverse_median_rank": 4.858355849788382e-07,
        "median_absolute_deviation": 1801359.4715809787,
        "median_rank": 2058309.5,
        "standard_deviation": 1386719.6662331019,
        "variance": 1922991432717.6453,
        "z_arithmetic_mean_rank": 12.093574367843445,
        "z_geometric_mean_rank": 28.735352564636216,
        "z_hits_at_k": 208.15182979646465,
        "z_inverse_harmonic_mean_rank": 279.4263296195686
      },
      "pessimistic": {
        "adjusted_arithmetic_mean_rank": 0.9298764287331502,
        "adjusted_arithmetic_mean_rank_index": 0.07012360229545866,
        "adjusted_geometric_mean_rank_index": 0.2879905780119397,
        "adjusted_hits_at_k": 0.003112107744690468,
        "adjusted_inverse_harmonic_mean_rank": 0.00169437494537581,
        "arithmetic_mean_rank": 2101489.154008439,
        "count": 9954.0,
        "geometric_mean_rank": 1181005.2437621735,
        "harmonic_mean_rank": 588.9610892397725,
        "hits_at_1": 0.0007032348804500703,
        "hits_at_10": 0.003114325899136026,
        "hits_at_3": 0.002310628892907374,
        "hits_at_5": 0.0024110910186859553,
        "inverse_arithmetic_mean_rank": 4.7585303882847654e-07,
        "inverse_geometric_mean_rank": 8.46736291207676e-07,
        "inverse_harmonic_mean_rank": 0.0016979050369707684,
        "inverse_median_rank": 4.858355849788382e-07,
        "median_absolute_deviation": 1801359.4715809787,
        "median_rank": 2058309.5,
        "standard_deviation": 1386719.6721828869,
        "variance": 1922991449219.0134,
        "z_arithmetic_mean_rank": 12.093569001370412,
        "z_geometric_mean_rank": 28.73534485604459,
        "z_hits_at_k": 208.15182979646465,
        "z_inverse_harmonic_mean_rank": 279.42632896739497
      },
      "realistic": {
        "adjusted_arithmetic_mean_rank": 0.9298764712079306,
        "adjusted_arithmetic_mean_rank_index": 0.07012355982065954,
        "adjusted_geometric_mean_rank_index": 0.2879907249724313,
        "adjusted_hits_at_k": 0.003112107744690468,
        "adjusted_inverse_harmonic_mean_rank": 0.0016943748043956302,
        "arithmetic_mean_rank": 2101489.25,
        "count": 9954.0,
        "geometric_mean_rank": 1181005.0,
        "harmonic_mean_rank": 588.9611381421267,
        "hits_at_1": 0.0007032348804500703,
        "hits_at_10": 0.003114325899136026,
        "hits_at_3": 0.002310628892907374,
        "hits_at_5": 0.0024110910186859553,
        "inverse_arithmetic_mean_rank": 4.7585302809238783e-07,
        "inverse_geometric_mean_rank": 8.467364409625588e-07,
        "inverse_harmonic_mean_rank": 0.0016979048959910872,
        "inverse_median_rank": 4.858355850956286e-07,
        "median_absolute_deviation": 1801359.4715809787,
        "median_rank": 2058309.5,
        "standard_deviation": 1386719.625,
        "variance": 1922991390720.0,
        "z_arithmetic_mean_rank": 12.093561676134726,
        "z_geometric_mean_rank": 28.73535951958128,
        "z_hits_at_k": 208.15182979646465,
        "z_inverse_harmonic_mean_rank": 279.4263057177747
      }
    },
    "head": {
      "optimistic": {
        "adjusted_arithmetic_mean_rank": 0.9309101793611306,
        "adjusted_arithmetic_mean_rank_index": 0.06908985172041038,
        "adjusted_geometric_mean_rank_index": 0.2458763746050504,
        "adjusted_hits_at_k": 0.0018060488942986397,
        "adjusted_inverse_harmonic_mean_rank": 0.000985722521070338,
        "arithmetic_mean_rank": 2069281.1263813542,
        "count": 4977.0,
        "geometric_mean_rank": 1227618.2968672111,
        "harmonic_mean_rank": 1010.7887602256516,
        "hits_at_1": 0.0004018485031143259,
        "hits_at_10": 0.0018083182640144665,
        "hits_at_3": 0.0014064697609001407,
        "hits_at_5": 0.0014064697609001407,
        "inverse_arithmetic_mean_rank": 4.832596147768213e-07,
        "inverse_geometric_mean_rank": 8.145854477339774e-07,
        "inverse_harmonic_mean_rank": 0.0009893263947422179,
        "inverse_median_rank": 4.972178177010537e-07,
        "median_absolute_deviation": 1717283.3236728536,
        "median_rank": 2011191.0,
        "standard_deviation": 1351515.501989848,
        "variance": 1826594152118.8708,
        "z_arithmetic_mean_rank": 8.409803001449092,
        "z_geometric_mean_rank": 17.348912614301916,
        "z_hits_at_k": 84.50213403885812,
        "z_inverse_harmonic_mean_rank": 113.71695090605967
      },
      "pessimistic": {
        "adjusted_arithmetic_mean_rank": 0.9309102113592095,
        "adjusted_arithmetic_mean_rank_index": 0.0690898197223172,
        "adjusted_geometric_mean_rank_index": 0.24587631756010409,
        "adjusted_hits_at_k": 0.0018060488942986397,
        "adjusted_inverse_harmonic_mean_rank": 0.0009857225206419478,
        "arithmetic_mean_rank": 2069281.1975085393,
        "count": 4977.0,
        "geometric_mean_rank": 1227618.3897291245,
        "harmonic_mean_rank": 1010.7887606633337,
        "hits_at_1": 0.0004018485031143259,
        "hits_at_10": 0.0018083182640144665,
        "hits_at_3": 0.0014064697609001407,
        "hits_at_5": 0.0014064697609001407,
        "inverse_arithmetic_mean_rank": 4.832595981657893e-07,
        "inverse_geometric_mean_rank": 8.145853861155104e-07,
        "inverse_harmonic_mean_rank": 0.0009893263943138292,
        "inverse_median_rank": 4.972178177010537e-07,
        "median_absolute_deviation": 1717283.3236728536,
        "median_rank": 2011191.0,
        "standard_deviation": 1351515.5089959474,
        "variance": 1826594171056.575,
        "z_arithmetic_mean_rank": 8.409799106554928,
        "z_geometric_mean_rank": 17.348908589239358,
        "z_hits_at_k": 84.50213403885812,
        "z_inverse_harmonic_mean_rank": 113.71695085663883
      },
      "realistic": {
        "adjusted_arithmetic_mean_rank": 0.9309101787396991,
        "adjusted_arithmetic_mean_rank_index": 0.06908985234184228,
        "adjusted_geometric_mean_rank_index": 0.2458760194588694,
        "adjusted_hits_at_k": 0.0018060488942986397,
        "adjusted_inverse_harmonic_mean_rank": 0.0009857225186285382,
        "arithmetic_mean_rank": 2069281.125,
        "count": 4977.0,
        "geometric_mean_rank": 1227618.875,
        "harmonic_mean_rank": 1010.7887627204145,
        "hits_at_1": 0.0004018485031143259,
        "hits_at_10": 0.0018083182640144665,
        "hits_at_3": 0.0014064697609001407,
        "hits_at_5": 0.0014064697609001407,
        "inverse_arithmetic_mean_rank": 4.832596118831134e-07,
        "inverse_geometric_mean_rank": 8.145850642904406e-07,
        "inverse_harmonic_mean_rank": 0.000989326392300427,
        "inverse_median_rank": 4.972177976014791e-07,
        "median_absolute_deviation": 1717283.3236728536,
        "median_rank": 2011191.0,
        "standard_deviation": 1351515.5,
        "variance": 1826594226176.0,
        "z_arithmetic_mean_rank": 8.409803077091453,
        "z_geometric_mean_rank": 17.348887555367035,